arxiv_id,title,authors,year,venue,perspective,categories,contribution_type,relevance_to_RP,found_by_count,pdf_filename,url
2303.12570,RepoCoder: Repository-Level Code Completion Through Iterative Retrieval and Generation,Fengji Zhang et al.,2023,EMNLP 2023,AI/NLP,repo-level-codegen; retrieval-augmented; structure-aware-codegen; knowledge-grounded-codegen,Method; Benchmark,"RepoCoder's iterative retrieval over repository files directly addresses the Z/Spatial axis of TAC-Graph by exploiting cross-file code structure to provide relevant context, and its RepoEval benchmark could serve as an evaluation testbed for TAC-Graph's Form A (DSL-based context querying) for repo-level completion. The retrieval-augmented generation loop also parallels TAC-Graph's goal of pruning agent search by surfacing precise historical and structural context.",2,2303.12570.pdf,https://arxiv.org/abs/2303.12570
2306.03091,RepoBench: Benchmarking Repository-Level Code Auto-Completion Systems,Tianyang Liu et al.,2023,arXiv preprint,AI/NLP,repo-level-codegen; retrieval-augmented; swe-benchmark; structure-aware-codegen,Benchmark; Task-definition,RepoBench directly addresses the Spatial (Z) axis of TAC-Graph by requiring cross-file context retrieval that maps to file dependency and call-graph structure. Its retrieval and next-line prediction tasks are natural downstream evaluation targets for TAC-Graph's Form A (DSL-based context querying) and knowledge-grounded completion from the full 3D tensor.,1,2306.03091.pdf,https://arxiv.org/abs/2306.03091
2310.11248,CrossCodeEval: A Diverse and Multilingual Benchmark for Cross-File Code Completion,Yangruibo Ding et al.,2023,NeurIPS 2023 (Datasets and Benchmarks Track),AI/NLP,repo-level-codegen; retrieval-augmented; swe-benchmark; structure-aware-codegen,Benchmark; Task-definition,CrossCodeEval directly benchmarks the retrieval of cross-file context — the Spatial (Z) axis of TAC-Graph — making it a key evaluation reference for Form A's DSL query mechanism that pulls precise cross-file structural context. Its static-analysis-based dependency identification aligns with TAC-Graph's code-graph construction and validates the need for repository-level spatial representations beyond single-file ASTs.,1,2310.11248.pdf,https://arxiv.org/abs/2310.11248
2306.10998,RepoFusion: Training Code Models to Understand Your Repository,Disha Shrivastava et al.,2023,arXiv preprint,AI/NLP,repo-level-codegen; retrieval-augmented; knowledge-grounded-codegen; structure-aware-codegen,Method; Benchmark,"RepoFusion directly addresses the Z/Spatial axis of TAC-Graph by injecting repository structural context (imports, class hierarchies) into code models, illustrating how cross-dimension projection of repo structure can improve code completion. The Stack-Repo dataset and context-type ablations provide concrete baselines for evaluating TAC-Graph's history-aware AST and Form A query-based context retrieval.",1,2306.10998.pdf,https://arxiv.org/abs/2306.10998
2212.10007,CoCoMIC: Code Completion By Jointly Modeling In-file and Cross-file Context,Yangruibo Ding et al.,2022,arXiv preprint,AI/NLP,repo-level-codegen; retrieval-augmented; structure-aware-codegen; knowledge-grounded-codegen,Method,"CoCoMIC directly addresses the Z/Spatial axis of TAC-Graph by retrieving cross-file structural dependencies (imports, API calls) to augment code completion, which aligns with TAC-Graph's code-graph and file-dependency layers. The CCFINDER retrieval mechanism is analogous to TAC-Graph's Form A (DSL-based querying of spatial context), demonstrating how structured cross-file context retrieval improves coding agent performance.",1,2212.10007.pdf,https://arxiv.org/abs/2212.10007
2206.12839,Repository-Level Prompt Generation for Large Language Models of Code,Disha Shrivastava et al.,2023,ICML 2023,AI/NLP,repo-level-codegen; retrieval-augmented; knowledge-grounded-codegen; structure-aware-codegen,Method,"This work directly addresses the Z/Spatial axis of TAC-Graph by mining repository structure (imports, file dependencies) to construct context-rich prompts, paralleling TAC-Graph's Form A DSL that queries the spatial code graph for relevant context. It also serves as a baseline for how much improvement repo-level context retrieval can provide to coding agents, a key downstream use case for TAC-Graph.",1,2206.12839.pdf,https://arxiv.org/abs/2206.12839
2312.05772,"A^3-CodGen: A Repository-Level Code Generation Framework for Code Reuse with Local-Aware, Global-Aware, and Third-Party-Library-Aware",Dianshu Liao et al.,2023,arXiv preprint,AI/NLP,repo-level-codegen; retrieval-augmented; structure-aware-codegen; api-knowledge,Method,"This paper directly addresses TAC-Graph's Z/Spatial axis by leveraging repository structure (local file context, cross-file dependencies, and external API knowledge) for code generation, analogous to TAC-Graph's code-graph and call-graph components. Its three-tier context hierarchy (local, global, library) maps naturally onto TAC-Graph's Form A DSL querying strategy for pulling precise spatial context into a coding agent.",1,2312.05772.pdf,https://arxiv.org/abs/2312.05772
2403.10059,Repoformer: Selective Retrieval for Repository-Level Code Completion,Di Wu et al.,2024,ICML 2024,AI/NLP,repo-level-codegen; retrieval-augmented; structure-aware-codegen; context-compression,Method; Benchmark,"Repoformer's selective retrieval over repository context directly informs TAC-Graph's Z (Spatial) axis by demonstrating how code structure and cross-file dependencies can be selectively pulled into generation, analogous to Form A's Query(Target, History, Agent_Trace) DSL that retrieves precise context on demand. Its self-evaluation mechanism for deciding when retrieval helps is relevant to TAC-Graph's Trajectory Optimization task, where pruning unnecessary context lookups mirrors pruning wasteful agent search steps.",1,2403.10059.pdf,https://arxiv.org/abs/2403.10059
2403.06095,RepoHyper: Search-Expand-Refine on Semantic Graphs for Repository-Level Code Completion,Huy N. Phan et al.,2024,arXiv preprint,AI/NLP,repo-level-codegen; code-graph; retrieval-augmented; structure-aware-codegen,Method,"The RSG construction directly maps to TAC-Graph's Z/Spatial axis (code structure, file dependencies, call graphs), and the graph-expansion retrieval strategy is relevant to Form A's QueryDSL that pulls precise cross-file context. It serves as a strong baseline for repo-level graph retrieval that TAC-Graph extends by adding temporal and agentic axes.",1,2403.06095.pdf,https://arxiv.org/abs/2403.06095
2405.19782,Dataflow-Guided Retrieval Augmentation for Repository-Level Code Completion,Wei Cheng et al.,2024,ACL 2024,AI/NLP,repo-level-codegen; retrieval-augmented; code-graph; structure-aware-codegen,Method; Benchmark,"DraCo's dataflow-based repository graph directly instantiates TAC-Graph's Z (Spatial) axis by linking code entities through data-flow relations for context retrieval, demonstrating a concrete technique for the cross-dimension projection goal. The ReccEval benchmark and retrieval framing also inform Form A (DSL-style querying of structured repo context) by showing how graph-derived structure can sharpen LLM code completion.",1,2405.19782.pdf,https://arxiv.org/abs/2405.19782
2406.07003,GraphCoder: Enhancing Repository-Level Code Completion via Code Context Graph-based Retrieval and Language Model,Wei Liu et al.,2024,arXiv preprint,AI/NLP,repo-level-codegen; retrieval-augmented; code-graph; structure-aware-codegen,Method,"GraphCoder's Code Context Graph (CCG) directly maps to TAC-Graph's Z/Spatial axis by fusing control-flow and data-dependence into a graph structure used for context retrieval. Its coarse-to-fine graph-based retrieval over a repository is a concrete instantiation of TAC-Graph's Form A (DSL-style query for pulling precise spatial context), demonstrating how structure-aware graph retrieval improves code generation at repository scale.",2,2406.07003.pdf,https://arxiv.org/abs/2406.07003
2406.01359,R2C2-Coder: Enhancing and Benchmarking Real-world Repository-level Code Completion Abilities of Code Large Language Models,Ken Deng et al.,2024,arXiv preprint,AI/NLP,repo-level-codegen; retrieval-augmented; structure-aware-codegen; swe-benchmark,Method; Benchmark,"R2C2-Coder directly addresses the Z/Spatial axis of TAC-Graph by building retrieval pools from repository structure (files, APIs, dependencies) to construct context-aware prompts, informing how the GraphQL-like DSL (Form A) might surface relevant cross-file context. Its R2C2-Bench benchmark also provides an evaluation framework applicable to measuring how well TAC-Graph's spatial axis improves code completion.",1,2406.01359.pdf,https://arxiv.org/abs/2406.01359
2310.06770,SWE-bench: Can Language Models Resolve Real-World GitHub Issues?,Carlos E. Jimenez et al.,2023,ICLR 2024,AI/NLP,swe-benchmark; coding-agent; repo-level-codegen; mining-software-repos,Benchmark; Task-definition,"SWE-bench operationalizes the agentic axis of TAC-Graph by providing a corpus of real GitHub issue-resolution trajectories that span repository-level code navigation, multi-file edits, and iterative debugging — exactly the agent traces TAC-Graph's Y-axis is designed to capture. Its task formulation (link issue → locate relevant code → patch) maps directly to TAC-Graph's downstream Task Untangling and Trajectory Optimization applications.",1,2310.06770.pdf,https://arxiv.org/abs/2310.06770
2405.15793,SWE-agent: Agent-Computer Interfaces Enable Automated Software Engineering,John Yang et al.,2024,arXiv preprint,AI/NLP,coding-agent; swe-benchmark; repo-level-codegen; agent-trajectory,Method; Benchmark; Baseline,SWE-agent directly populates TAC-Graph's Y (Agentic) axis: its ACI-mediated read/write/search/test operations are exactly the agent trajectory events that the agentic axis encodes. Its structured interaction traces also serve as a concrete source of agent-trajectory data for Trajectory Optimization and cross-dimension projection with git history (X axis).,1,2405.15793.pdf,https://arxiv.org/abs/2405.15793
2404.05427,AutoCodeRover: Autonomous Program Improvement,Yuntong Zhang et al.,2024,ISSTA 2024,AI/NLP,coding-agent; repo-level-codegen; swe-benchmark; structure-aware-codegen,Method; Benchmark,"AutoCodeRover's AST-aware repository navigation directly informs TAC-Graph's Z (Spatial) axis, demonstrating how structured code graphs improve agent context retrieval. Its agent trajectory of search/localize/patch operations exemplifies the Y (Agentic) axis data that TAC-Graph's Form A DSL would need to query and that trajectory optimization could learn from.",1,2404.05427.pdf,https://arxiv.org/abs/2404.05427
2407.01489,Agentless: Demystifying LLM-based Software Engineering Agents,Chunqiu Steven Xia et al.,2024,arXiv preprint,AI/NLP,coding-agent; repo-level-codegen; swe-benchmark; agent-trajectory,Method; Baseline; Benchmark,"Agentless provides a strong baseline for the Y (Agentic) axis of TAC-Graph: its explicit localization-repair-validation trace is a clean, interpretable agent trajectory that could seed the agentic-axis data the representation needs. Its repository-level fault localization also directly informs how the Spatial (Z) axis structure can be queried to guide agent search, relevant to TAC-Graph's Trajectory Optimization downstream task.",1,2407.01489.pdf,https://arxiv.org/abs/2407.01489
2407.16741,OpenHands: An Open Platform for AI Software Developers as Generalist Agents,Xingyao Wang et al.,2024,ICLR 2025,AI/NLP,coding-agent; agent-trajectory; swe-benchmark; repo-level-codegen,Method; Benchmark; Baseline,OpenHands directly instantiates the Y (Agentic) axis of TAC-Graph by recording agent trajectories — read/write/search/bash operations — that TAC-Graph proposes to index and compress. Its multi-agent and sandboxed execution infrastructure makes it a natural source of agent-trace data for populating the agentic dimension and evaluating trajectory optimization downstream tasks.,1,2407.16741.pdf,https://arxiv.org/abs/2407.16741
2402.01030,Executable Code Actions Elicit Better LLM Agents,Xingyao Wang et al.,2024,ICML 2024,AI/NLP,coding-agent; agent-trajectory; repo-level-codegen; swe-benchmark,Method; Benchmark,"CodeAct's executable code action space and multi-turn self-debug loop directly instantiates the Y (Agentic) axis of TAC-Graph, providing a concrete source of agent trajectories (read/write/execute ops, error-retry sequences) that could be ingested as agentic-axis traces. The CodeActInstruct dataset of multi-turn interactions is also a potential training resource for Trajectory Optimization tasks within the TAC-Graph framework.",1,2402.01030.pdf,https://arxiv.org/abs/2402.01030
2406.01422,Alibaba LingmaAgent: Improving Automated Issue Resolution via Comprehensive Repository Exploration,Yingwei Ma et al.,2024,arXiv preprint,AI/NLP,coding-agent; repo-level-codegen; swe-benchmark; agent-trajectory,Method; Benchmark,"LingmaAgent's knowledge graph over repository structure directly instantiates the Z (Spatial) axis of TAC-Graph, while its Monte Carlo tree search exploration log provides concrete agentic trajectory data for the Y (Agentic) axis. The agent's query-driven navigation of repo context also connects to TAC-Graph's Form A (GraphQL-like DSL for pulling targeted cross-axis context).",1,2406.01422.pdf,https://arxiv.org/abs/2406.01422
2410.14684,RepoGraph: Enhancing AI Software Engineering with Repository-level Code Graph,Siru Ouyang et al.,2024,ICLR 2025,AI/NLP,coding-agent; repo-level-codegen; code-graph; swe-benchmark,Method,"RepoGraph directly addresses the Z (Spatial) axis of TAC-Graph by building a repository-level code graph that exposes call graphs, file dependencies, and structural relationships for agent navigation. Its plug-in design for coding agents parallels TAC-Graph's Form A (DSL-based querying) goal of letting agents pull precise structural context from the codebase graph.",1,2410.14684.pdf,https://arxiv.org/abs/2410.14684
2412.21139,Training Software Engineering Agents and Verifiers with SWE-Gym,Jiayi Pan et al.,2024,ICML 2025,AI/NLP,coding-agent; swe-benchmark; agent-trajectory; repo-level-codegen,Benchmark; Method,"SWE-Gym's released agent trajectories directly populate the Y (Agentic) axis of TAC-Graph — read/write/search operations and debug trial-and-error on real repositories — providing training data for trajectory optimization. The benchmark's repository-level tasks also ground the Z (Spatial) axis, linking agent actions to concrete code structures.",1,2412.21139.pdf,https://arxiv.org/abs/2412.21139
2411.00622,Lingma SWE-GPT: An Open Development-Process-Centric Language Model for Automated Software Improvement,Yingwei Ma et al.,2024,arXiv preprint,AI/NLP,coding-agent; swe-benchmark; repo-level-codegen; agent-trajectory,Method; Benchmark; Baseline,"The development-process-centric training data (tool use, thought processes, commit patterns) directly instantiates TAC-Graph's Agentic axis (Y), providing empirical evidence that encoding agent trajectories improves repository-level task resolution. Its issue-resolution agent loop also serves as a concrete downstream application for TAC-Graph's Trajectory Optimization task.",1,2411.00622.pdf,https://arxiv.org/abs/2411.00622
2002.08155,CodeBERT: A Pre-Trained Model for Programming and Natural Languages,Zhangyin Feng et al.,2020,Findings of EMNLP 2020,AI/NLP,structure-aware-codegen; knowledge-grounded-codegen; gnn-for-code; program-comprehension,Method; Baseline,"CodeBERT provides a foundational pre-trained code representation that can serve as a baseline encoder for TAC-Graph's spatial (Z) axis, grounding code semantics in bimodal NL-PL embeddings. Its approach to learning unified code-language representations is directly relevant to Form B's Graph-VAE compression of the 3D tensor into latent embeddings for soft-prompt or prefix-tuning use.",1,2002.08155.pdf,https://arxiv.org/abs/2002.08155
2009.08366,GraphCodeBERT: Pre-training Code Representations with Data Flow,Daya Guo et al.,2021,ICLR 2021,AI/NLP,code-graph; gnn-for-code; structure-aware-codegen; graph-ssl,Method; Baseline,"GraphCodeBERT's data-flow graph encoding directly instantiates TAC-Graph's Z (Spatial) axis by embedding DFG structure into code representations, and serves as a strong baseline for the graph-aware encoder components of both Form A (DSL-based context retrieval) and Form B (Graph-VAE latent embeddings). Its structure-aware pre-training paradigm informs how cross-dimension projections can fuse graph signals into language model representations.",2,2009.08366.pdf,https://arxiv.org/abs/2009.08366
2206.05239,StructCoder: Structure-Aware Transformer for Code Generation,Sindhu Tipirneni et al.,2022,arXiv preprint,AI/NLP,structure-aware-codegen; gnn-for-code; code-graph; knowledge-grounded-codegen,Method; Baseline,"StructCoder directly informs TAC-Graph's Spatial (Z) axis by demonstrating how ASTs and data-flow graphs can be fused into Transformer architectures for code understanding and generation. Its auxiliary structure-prediction tasks offer a concrete modeling precedent for the ""history-aware AST"" cross-dimension projection proposed in TAC-Graph.",1,2206.05239.pdf,https://arxiv.org/abs/2206.05239
2203.03850,UniXcoder: Unified Cross-Modal Pre-training for Code Representation,Daya Guo et al.,2022,ACL 2022,AI/NLP,structure-aware-codegen; gnn-for-code; code-graph; graph-ssl,Method; Baseline,"UniXcoder's AST-aware cross-modal pretraining directly underpins TAC-Graph's Z/Spatial axis, demonstrating how structural code representations (ASTs, call graphs) can be encoded alongside natural-language context. Its sequential AST linearization and contrastive alignment techniques are relevant to the history-aware AST cross-dimension projection proposed in TAC-Graph.",1,2203.03850.pdf,https://arxiv.org/abs/2203.03850
2401.03003,AST-T5: Structure-Aware Pretraining for Code Generation and Understanding,Linyuan Gong et al.,2024,ICML 2024,AI/NLP,structure-aware-codegen; code-graph; gnn-for-code; soft-prompt,Method,"AST-T5 directly informs TAC-Graph's Z (Spatial) axis by showing how AST structure can be incorporated into pretraining objectives without modifying the model architecture, which is relevant to cross-dimension projection that injects structural context into history-aware representations. Its span corruption approach over AST segments is a concrete technique for encoding code structure that could complement the graph-based spatial representations in TAC-Graph's Form B (Graph-VAE embeddings).",1,2401.03003.pdf,https://arxiv.org/abs/2401.03003
2105.12485,TreeBERT: A Tree-Based Pre-Trained Model for Programming Language,Xue Jiang et al.,2021,UAI 2021,AI/NLP,structure-aware-codegen; code-graph; gnn-for-code; program-comprehension,Method,TreeBERT directly informs the TAC-Graph Z (Spatial) axis by demonstrating how AST structure can be encoded into pre-trained representations via composition paths and positional node embeddings. Its tree-masked pre-training approach is relevant to TAC-Graph's cross-dimension projection goal of injecting structural code semantics into history-aware representations.,1,2105.12485.pdf,https://arxiv.org/abs/2105.12485
1711.00740,Learning to Represent Programs with Graphs,Miltiadis Allamanis et al.,2018,ICLR 2018,AI/NLP,code-graph; gnn-for-code; structure-aware-codegen; defect-prediction,Method; Baseline,"This paper is a foundational work for TAC-Graph's Spatial (Z) axis, establishing that fusing AST with data/control-flow edges into a unified program graph and running GNNs over it yields strong code representations. Its graph construction methodology directly informs the ""history-aware AST"" and cross-dimension projection ideas in TAC-Graph's spatial layer.",1,1711.00740.pdf,https://arxiv.org/abs/1711.00740
1803.09473,code2vec: Learning Distributed Representations of Code,Uri Alon et al.,2019,POPL 2019,AI/NLP,code-graph; structure-aware-codegen; gnn-for-code; program-comprehension,Method; Baseline,"code2vec's AST-path decomposition directly underpins the Spatial (Z) axis of TAC-Graph, providing a foundational technique for encoding code structure into distributed vectors that can be fused with temporal and agentic signals. Its learned embeddings serve as a natural baseline for the cross-dimension projection and Graph-VAE (Form B) components of the TAC-Graph framework.",1,1803.09473.pdf,https://arxiv.org/abs/1803.09473
2306.00210,PERFOGRAPH: A Numerical Aware Program Graph Representation for Performance Optimization and Program Analysis,Ali TehraniJamsaz et al.,2023,arXiv preprint,AI/NLP,code-graph; gnn-for-code; structure-aware-codegen; program-comprehension,Method; Benchmark,PERFOGRAPH's numerical-aware program graph representation directly informs the Z/Spatial axis of TAC-Graph by demonstrating how enriched graph nodes and edges (beyond plain AST/CFG) capture semantic code properties that support downstream analysis tasks. Its graph construction methodology and embedding strategy offer design patterns reusable in TAC-Graph's history-aware AST and cross-dimension projection.,1,2306.00210.pdf,https://arxiv.org/abs/2306.00210
2303.11366,Reflexion: Language Agents with Verbal Reinforcement Learning,Noah Shinn et al.,2023,arXiv preprint,AI/NLP,coding-agent; agent-trajectory; agent-memory; soft-prompt,Method,"Reflexion's verbal memory and iterative self-reflection over agent trajectories directly informs TAC-Graph's Agentic (Y) axis, where chain-of-thought and debug trial-and-error traces are stored and replayed. Its trajectory optimization via contrastive successful/failed attempts maps onto TAC-Graph's Trajectory Optimization downstream task of pruning agent search using successful vs. failed 3D subgraph comparisons.",1,2303.11366.pdf,https://arxiv.org/abs/2303.11366
2305.16291,Voyager: An Open-Ended Embodied Agent with Large Language Models,Guanzhi Wang et al.,2023,arXiv preprint,AI/NLP,coding-agent; agent-trajectory; agent-memory; knowledge-grounded-codegen,Method,"Voyager's skill library (storing agent-generated code trajectories) and iterative self-verification loop directly inform TAC-Graph's Agentic (Y) axis, providing a concrete architecture for capturing and replaying agent experience. Its trajectory-as-code paradigm is a natural precursor to TAC-Graph's Trajectory Optimization task, where successful vs. failed agent subgraphs are contrasted to prune future search.",1,2305.16291.pdf,https://arxiv.org/abs/2305.16291
2308.10144,ExpeL: LLM Agents Are Experiential Learners,Andrew Zhao et al.,2023,AAAI 2024,AI/NLP,coding-agent; agent-trajectory; agent-memory; knowledge-grounded-codegen,Method,"ExpeL's mechanism of accumulating and querying agent experience traces directly maps to the TAC-Graph Y (Agentic) axis, where successful vs. failed agent trajectories are stored and mined. The experiential knowledge extraction aligns with TAC-Graph's Trajectory Optimization direction — pruning agent search by contrasting successful and failed 3D subgraphs.",1,2308.10144.pdf,https://arxiv.org/abs/2308.10144
2409.07429,Agent Workflow Memory,Zora Zhiruo Wang et al.,2024,arXiv preprint,AI/NLP,agent-trajectory; agent-memory; coding-agent; knowledge-grounded-codegen,Method,"AWM's mechanism of inducing and storing reusable workflows from agent trajectories directly informs TAC-Graph's Y/Agentic axis, providing a concrete technique for compressing and replaying agent chain-of-thought and action sequences. The workflow memory abstraction maps naturally onto TAC-Graph's Trajectory Optimization task, where successful vs. failed agentic subgraphs are contrasted to prune future agent search.",1,2409.07429.pdf,https://arxiv.org/abs/2409.07429
2306.07863,Synapse: Trajectory-as-Exemplar Prompting with Memory for Computer Control,Longtao Zheng et al.,2023,ICLR 2024,AI/NLP,agent-trajectory; agent-memory; coding-agent; retrieval-augmented,Method,"Directly addresses TAC-Graph's Y (Agentic) axis by treating full agent trajectories as retrievable exemplars stored in memory, providing a concrete mechanism for trajectory-based context retrieval analogous to Form A's DSL querying of agent traces. The memory-indexed trajectory approach informs TAC-Graph's Trajectory Optimization task, where successful vs. failed agent subgraphs could be stored and retrieved to prune future search.",1,2306.07863.pdf,https://arxiv.org/abs/2306.07863
2310.04406,Language Agent Tree Search Unifies Reasoning Acting and Planning in Language Models,Andy Zhou et al.,2023,arXiv preprint,AI/NLP,agent-trajectory; coding-agent; agent-memory; soft-prompt,Method,"LATS directly informs the TAC-Graph's Agentic (Y) axis by providing a structured tree representation of agent reasoning and acting trajectories, which maps naturally onto the chain-of-thought and trial-and-error sequences the RP aims to encode. The MCTS-based trajectory search and self-reflection mechanism are directly applicable to TAC-Graph's Trajectory Optimization task, where successful vs. failed 3D subgraphs guide pruning of agent search paths.",1,2310.04406.pdf,https://arxiv.org/abs/2310.04406
2310.05915,FireAct: Toward Language Agent Fine-tuning,Baian Chen et al.,2023,arXiv preprint,AI/NLP,agent-trajectory; coding-agent; soft-prompt; knowledge-grounded-codegen,Method; Benchmark,"FireAct directly addresses TAC-Graph's Y (Agentic) axis by showing that agent trajectories — sequences of tool calls, reasoning steps, and observations — can be harvested and used to fine-tune models, paralleling TAC-Graph's goal of mining agent traces for Trajectory Optimization. Its trajectory-dataset construction and multi-task fine-tuning paradigm are relevant to Form B (Graph-VAE latent embedding) and to pruning/optimizing agent search using contrasted successful vs. failed trajectory subgraphs.",1,2310.05915.pdf,https://arxiv.org/abs/2310.05915
2304.03442,Generative Agents: Interactive Simulacra of Human Behavior,Joon Sung Park et al.,2023,arXiv preprint,AI/NLP,agent-trajectory; agent-memory; coding-agent; soft-prompt,Method,"The agent memory-reflection-planning architecture directly parallels TAC-Graph's Agentic (Y) axis, which captures coding-agent trajectories including chain-of-thought, trial-and-error, and context retrieval. The memory retrieval and reflection mechanisms inform how TAC-Graph might compress and query agent trace history (Form A DSL queries and Form B latent embeddings for trajectory optimization).",1,2304.03442.pdf,https://arxiv.org/abs/2304.03442
2407.04363,AriGraph: Learning Knowledge Graph World Models with Episodic Memory for LLM Agents,Petr Anokhin et al.,2024,arXiv preprint,AI/NLP,agent-memory; agent-trajectory; knowledge-grounded-codegen; code-graph,Method,"AriGraph's fusion of episodic and semantic memory into a dynamically updated knowledge graph directly parallels TAC-Graph's Agentic (Y) axis, where agent trajectories—read/write ops, debug steps, chain-of-thought—must be structured and queryable. Its world-model framing also informs Form A (DSL-based querying of agent history) and the Trajectory Optimization task, where contrasting successful vs. failed subgraphs benefits from the same episodic-memory distinction AriGraph formalizes.",1,2407.04363.pdf,https://arxiv.org/abs/2407.04363
2308.03688,AgentBench: Evaluating LLMs as Agents,Xiao Liu et al.,2023,ICLR 2024,AI/NLP,coding-agent; agent-trajectory; swe-benchmark; agent-memory,Benchmark; Task-definition,"AgentBench's characterization of LLM agent trajectories across multi-step interactive environments directly informs the Y (Agentic) axis of TAC-Graph, providing evaluation protocols and failure-mode taxonomy (long-term reasoning, instruction-following) relevant to trajectory optimization over successful vs. failed agent action sequences.",1,2308.03688.pdf,https://arxiv.org/abs/2308.03688
2207.05987,DocPrompting: Generating Code by Retrieving the Docs,Shuyan Zhou et al.,2023,ICLR 2023,SE,retrieval-augmented; knowledge-grounded-codegen; api-knowledge; structure-aware-codegen,Method; Benchmark,DocPrompting's retrieval-augmented approach to grounding code generation in API documentation directly informs TAC-Graph's Z-axis (spatial/API call-graph knowledge) and Form A's DSL querying of prior knowledge. The idea of dynamically fetching relevant external context mirrors TAC-Graph's goal of injecting history-aware and API-aware context into code agents.,1,2207.05987.pdf,https://arxiv.org/abs/2207.05987
2305.04032,ToolCoder: Teach Code Generation Models to use API search tools,Kechi Zhang et al.,2023,arXiv preprint,SE,knowledge-grounded-codegen; api-knowledge; retrieval-augmented; structure-aware-codegen,Method,"ToolCoder's API-search-augmented generation directly informs TAC-Graph's Z (Spatial) axis by demonstrating how external API/library knowledge can be injected into code synthesis, analogous to querying the call-graph and dependency layers of the tensor. Its tool-use paradigm also connects to the Y (Agentic) axis, where read/search operations over API indexes mirror agent trajectories that TAC-Graph seeks to represent and optimize.",1,2305.04032.pdf,https://arxiv.org/abs/2305.04032
2401.07339,CodeAgent: Enhancing Code Generation with Tool-Integrated Agent Systems for Real-World Repo-level Coding Challenges,Kechi Zhang et al.,2024,ACL 2024,SE,repo-level-codegen; coding-agent; api-knowledge; swe-benchmark,Method; Benchmark,"CodeAgent's tool-integrated agent system — using symbol navigation and repository interaction tools — directly corresponds to TAC-Graph's Y (Agentic) axis, where agent read/search/write ops form trajectory data. The benchmark of real-world repo-level tasks also informs the Z (Spatial) axis by requiring structural understanding of file dependencies and API call graphs.",1,2401.07339.pdf,https://arxiv.org/abs/2401.07339
2410.18251,Context-Augmented Code Generation Using Programming Knowledge Graphs,Iman Saberi et al.,2024,arXiv preprint,SE,knowledge-grounded-codegen; retrieval-augmented; code-graph; structure-aware-codegen,Method,"This paper's Programming Knowledge Graph for semantic code retrieval directly informs TAC-Graph's Z (Spatial) axis, where API/call-graph structure can serve as prior knowledge to ground context-aware code generation. The tree-pruning and re-ranking strategies for filtering retrieved context are relevant to TAC-Graph's Form A DSL query design, where precise context selection across the tensor's axes is a core challenge.",1,2410.18251.pdf,https://arxiv.org/abs/2410.18251
2505.14394,Knowledge Graph Based Repository-Level Code Generation,"Mihir Athale, Vishal Vaddina",2025,arXiv preprint,SE,repo-level-codegen; knowledge-grounded-codegen; code-graph; retrieval-augmented,Method; Benchmark,"This paper's knowledge graph representation of repository structure aligns directly with TAC-Graph's spatial (Z) axis, capturing file dependencies and structural relationships that form the code-graph layer. Its focus on evolving codebases and the Evolutionary Code Benchmark also connects to the temporal (X) axis, making it relevant to how TAC-Graph projects historical changes into structure-aware context for agents.",1,2505.14394.pdf,https://arxiv.org/abs/2505.14394
2406.14497,CodeRAG-Bench: Can Retrieval Augment Code Generation?,Zora Zhiruo Wang et al.,2024,arXiv preprint,SE,retrieval-augmented; knowledge-grounded-codegen; api-knowledge; repo-level-codegen,Benchmark; Task-definition,"CodeRAG-Bench directly informs TAC-Graph's Form A (DSL-based query) by establishing how external knowledge sources — documentation, tutorials, and repositories — can be retrieved to ground code generation, analogous to how the Spatial (Z) and Temporal (X) axes of TAC-Graph supply retrieved context. The benchmark's evaluation of retrieval quality and generator utilization maps onto the challenge of effectively querying the 3D tensor to surface the right historical and structural context for a coding agent.",1,2406.14497.pdf,https://arxiv.org/abs/2406.14497
2512.00380,Knowledge-Graph-Driven Data Synthesis for Low-Resource Software Development: A HarmonyOS Case Study,Mingwei Liu et al.,2025,arXiv preprint,SE,knowledge-grounded-codegen; api-knowledge; code-graph; structure-aware-codegen,Method; Benchmark,"This paper directly informs TAC-Graph's Z (Spatial) axis by demonstrating how API knowledge graphs can be structurally mined and injected into code generation pipelines, analogous to TAC-Graph's ""history-aware AST"" that injects structured context. The KG-grounded data synthesis approach also parallels TAC-Graph Form A's goal of querying precise API/structural context to guide agent code generation.",1,2512.00380.pdf,https://arxiv.org/abs/2512.00380
2603.07581,KCoEvo: A Knowledge Graph Augmented Framework for Evolutionary Code Generation,Jiazhen Kang et al.,2026,DASFAA 2026 Industry Track,SE,knowledge-grounded-codegen; api-knowledge; software-evolution; code-graph,Method,"KCoEvo's API knowledge graphs capturing version transitions directly maps to TAC-Graph's Temporal (X) axis, providing a concrete instantiation of how API evolution history can be encoded as a graph structure. The knowledge-grounded generation approach aligns with TAC-Graph's Form A DSL vision where structured historical context (here API evolution paths) is queried to inform code generation.",1,2603.07581.pdf,https://arxiv.org/abs/2603.07581
2003.05620,CC2Vec: Distributed Representations of Code Changes,Thong Hoang et al.,2020,ICSE 2020,SE,code-change-representation; mining-software-repos; defect-prediction; software-evolution,Method; Baseline,"CC2Vec directly supports TAC-Graph's Temporal (X) axis by providing a principled embedding of git diffs and commit changes, which can serve as feature vectors on commit nodes in the tensor. Its hierarchical diff representations are also relevant to the Task Untangling downstream task, where distinguishing bug-fix patches from feature commits requires precisely the kind of semantically grounded code-change embeddings CC2Vec produces.",2,2003.05620.pdf,https://arxiv.org/abs/2003.05620
2403.11079,Bridging Expert Knowledge with Deep Learning Techniques for Just-In-Time Defect Prediction,Xin Zhou et al.,2024,arXiv preprint,SE,mining-software-repos; defect-prediction; code-change-representation; software-evolution,Method,"This paper models commits along the Temporal (X) axis of TAC-Graph by extracting and fusing both hand-crafted expert features and semantic deep representations from commit changes, directly informing code-change representation for defect-related temporal signals. Its JIT defect prediction objective aligns with TAC-Graph's Task Untangling downstream direction, where distinguishing bug-fix from feature commits in git history is critical.",1,2403.11079.pdf,https://arxiv.org/abs/2403.11079
2410.12107,Just-In-Time Software Defect Prediction via Bi-modal Change Representation Learning,Yuze Jiang et al.,2024,Journal of Systems and Software,SE,defect-prediction; code-change-representation; mining-software-repos; software-evolution,Method,"This paper directly addresses TAC-Graph's Temporal (X) axis by learning bi-modal representations from commit-level code changes and commit messages, which are core inputs to the temporal dimension of the TAC-Graph tensor. The bi-modal change embeddings could inform code-change representation in the cross-dimension projection that fuses git history into the history-aware AST.",1,2410.12107.pdf,https://arxiv.org/abs/2410.12107
2110.05371,Graph-Based Machine Learning Improves Just-in-Time Defect Prediction,Jonathan Bryan et al.,2023,PLoS ONE,SE,defect-prediction; mining-software-repos; code-change-representation; software-evolution,Method; Benchmark,"The paper's contribution graphs mined from commit history (developer-file relationships) directly instantiate TAC-Graph's temporal (X) axis by encoding code evolution as a graph structure. Its just-in-time defect prediction framing aligns with TAC-Graph's downstream Task Untangling and Trajectory Optimization tasks, where distinguishing defect-prone commits from safe ones is a natural application.",1,2110.05371.pdf,https://arxiv.org/abs/2110.05371
2308.05060,Evaluating SZZ Implementations: An Empirical Study on the Linux Kernel,Yunbo Lyu et al.,2023,IEEE Transactions on Software Engineering,SE,mining-software-repos; software-evolution; defect-prediction; commit-untangling,Method; Benchmark; Metric,"SZZ directly operationalizes the Temporal axis of TAC-Graph by tracing bug-inducing commits across git history, providing a baseline algorithm and ground-truth dataset for linking defect lifecycles to code changes. TC-SZZ's function- and file-level change tracing maps naturally onto the spatial granularity layers of the TAC-Graph tensor, relevant to Task Untangling and temporal commit-graph construction.",1,2308.05060.pdf,https://arxiv.org/abs/2308.05060
1502.06757,Untangling Fine-Grained Code Changes,Martín Dias et al.,2015,arXiv preprint,SE,commit-untangling; mining-software-repos; code-change-representation; software-evolution,Method; Benchmark,"This paper directly addresses TAC-Graph's Task Untangling downstream direction, providing both a method and dataset for separating tangled commits into atomic units along the temporal (X) axis. The fine-grained code change representation it employs is foundational for building accurate commit-level nodes in the TAC-Graph tensor.",2,1502.06757.pdf,https://arxiv.org/abs/1502.06757
2505.08263,LLM-Based Detection of Tangled Code Changes for Higher-Quality Method-Level Bug Datasets,Md Nahidul Islam Opu et al.,2025,arXiv preprint,SE,commit-untangling; mining-software-repos; software-evolution; defect-prediction,Method; Benchmark,"This paper directly addresses the TAC-Graph Task Untangling downstream direction by providing an LLM-based method to disentangle tangled commits along the Temporal (X) axis, producing cleaner commit-level annotations. The evaluation across 49 projects and the use of commit messages plus code diffs as joint signals aligns with TAC-Graph's cross-dimension projection between git history and code structure.",2,2505.08263.pdf,https://arxiv.org/abs/2505.08263
2302.03924,CCRep: Learning Code Change Representations via Pre-Trained Code Model and Query Back,Zhongxin Liu et al.,2023,ICSE 2023,SE,code-change-representation; mining-software-repos; software-evolution; defect-prediction,Method,"CCRep directly addresses the Temporal axis of TAC-Graph by producing dense embeddings of code changes (diffs/commits), which could serve as edge or node features along the git-history dimension. Its query-back mechanism for isolating changed fragments is relevant to Task Untangling and commit-level representation in the 3D tensor.",1,2302.03924.pdf,https://arxiv.org/abs/2302.03924
2305.10785,CCT5: A Code-Change-Oriented Pre-Trained Model,Bo Lin et al.,2023,arXiv preprint,SE,code-change-representation; mining-software-repos; software-evolution; commit-untangling,Method; Benchmark,"CCT5 directly informs TAC-Graph's Temporal (X) axis by demonstrating how pre-training on large-scale commit-diff pairs yields rich representations of code evolution, which can seed the history-aware AST and cross-dimension projections. Its code-change pre-training tasks and evaluation benchmarks for review/maintenance are directly reusable as baselines for TAC-Graph's Task Untangling downstream direction.",1,2305.10785.pdf,https://arxiv.org/abs/2305.10785
1608.00092,DeepSoft: A Vision for a Deep Model of Software,Hoa Khanh Dam et al.,2016,FSE 2016,SE,mining-software-repos; software-evolution; code-change-representation; program-comprehension,Theory; Task-definition,"DeepSoft's vision of learning temporal patterns from software evolution history directly parallels TAC-Graph's X (Temporal) axis, motivating sequence-based representations of commit and change history. Its framing of predictive analytics over evolving codebases also aligns with TAC-Graph's downstream Trajectory Optimization task.",1,1608.00092.pdf,https://arxiv.org/abs/1608.00092
2604.00787,The Rise of Language Models in Mining Software Repositories: A Survey,Miguel Romero-Arjona et al.,2026,arXiv preprint,SE,mining-software-repos; software-evolution; code-change-representation; defect-prediction,Benchmark; Theory,"This survey maps how LMs process repository artifacts (commits, diffs, bug reports) directly informing the Temporal (X) axis of TAC-Graph, and its taxonomy of MSR tasks (e.g., defect prediction, commit analysis) provides a structured baseline for the Task Untangling and code-change-representation components of the project.",1,2604.00787.pdf,https://arxiv.org/abs/2604.00787
2011.06244,A Fine-grained Data Set and Analysis of Tangling in Bug Fixing Commits,Steffen Herbold et al.,2021,Empirical Software Engineering,SE,commit-untangling; mining-software-repos; software-evolution; code-change-representation,Benchmark; Task-definition,This paper directly informs TAC-Graph's Task Untangling downstream direction by quantifying how pervasive tangled commits are and providing a fine-grained labeled dataset for training/evaluating untangling methods on the Temporal axis. The noise analysis also motivates robust commit-level representations in the X-axis of the TAC-Graph tensor.,1,2011.06244.pdf,https://arxiv.org/abs/2011.06244
2601.01233,Atomizer: An LLM-based Collaborative Multi-Agent Framework for Intent-Driven Commit Untangling,Kangchen Zhu et al.,2026,ICSE 2026,SE,commit-untangling; coding-agent; mining-software-repos; software-evolution,Method,"Atomizer directly addresses TAC-Graph's Task Untangling downstream direction by showing how LLM agents can decompose tangled commits using semantic intent, complementing the Temporal (X) axis's need to disentangle mixed bug-fix+feature commits. Its multi-agent grouper/reviewer loop also informs the Agentic (Y) axis's trajectory optimization, illustrating how contrasting successful vs. failed decomposition attempts can guide agent search pruning.",1,2601.01233.pdf,https://arxiv.org/abs/2601.01233
2601.21298,Detecting Multiple Semantic Concerns in Tangled Code Commits,Beomsu Koh et al.,2026,arXiv preprint (submitted to Empirical Software Engineering),SE,commit-untangling; mining-software-repos; code-change-representation; software-evolution,Method; Benchmark,Directly addresses the TAC-Graph Task Untangling downstream direction — identifying multiple semantic concerns within a single tangled commit is the core decomposition problem that TAC-Graph's Temporal axis (git history) and cross-dimension projections aim to solve. The multi-label framing and use of commit messages as semantic signals align with how TAC-Graph fuses commit metadata with code structure to disentangle concurrent changes.,2,2601.21298.pdf,https://arxiv.org/abs/2601.21298
2105.14242,CommitBERT: Commit Message Generation Using Pre-Trained Programming Language Model,Tae-Hwan Jung,2021,arXiv preprint,SE,code-change-representation; mining-software-repos; software-evolution; commit-untangling,Method; Benchmark,"CommitBERT directly addresses the Temporal (X) axis of TAC-Graph by learning representations of code diffs and mapping them to semantic commit summaries, providing a pre-training foundation for encoding git history into the tensor. Its large-scale commit dataset and diff-encoding approach are directly applicable to the Task Untangling downstream direction, where distinguishing bug-fix vs. feature changes in tangled commits is required.",1,2105.14242.pdf,https://arxiv.org/abs/2105.14242
2203.09095,Automating Code Review Activities by Large-Scale Pre-training,Zhiyu Li et al.,2022,ESEC/FSE 2022,SE,code-change-representation; mining-software-repos; software-evolution; structure-aware-codegen,Method; Benchmark,"CodeReviewer's code-change representations and pre-training tasks over diffs directly inform TAC-Graph's X (Temporal) axis, providing learned encodings for commits and edits that could seed history-aware AST nodes. Its multilingual benchmark of code changes and review comments is also a candidate evaluation corpus for TAC-Graph's Task Untangling downstream direction.",1,2203.09095.pdf,https://arxiv.org/abs/2203.09095
2109.00859,CodeT5: Identifier-aware Unified Pre-trained Encoder-Decoder Models for Code Understanding and Generation,Yue Wang et al.,2021,EMNLP 2021,SE,structure-aware-codegen; knowledge-grounded-codegen; defect-prediction; code-change-representation,Method; Baseline,"CodeT5's identifier-aware pre-training and encoder-decoder architecture provides a relevant baseline for TAC-Graph's Spatial (Z) axis, where code structure and semantics need to be encoded; its code understanding capabilities could inform how the TAC-Graph's implicit Form B (Graph-VAE) compresses code embeddings. It also serves as a potential backbone for downstream tasks like commit untangling that require semantic code representations.",1,2109.00859.pdf,https://arxiv.org/abs/2109.00859
1810.13337,Learning to Represent Edits,Pengcheng Yin et al.,2019,ICLR 2019,SE,code-change-representation; software-evolution; mining-software-repos; structure-aware-codegen,Method,"Directly addresses TAC-Graph's X (Temporal) axis by learning dense representations of code edits/commits that capture structural and semantic change patterns, enabling cross-dimension projection of edit history into the code graph. The edit encoder architecture is a natural building block for encoding diff sequences along the temporal axis of the TAC tensor.",1,1810.13337.pdf,https://arxiv.org/abs/1810.13337
2108.06645,On Multi-Modal Learning of Editing Source Code,Saikat Chakraborty et al.,2021,ASE 2021,SE,code-change-representation; mining-software-repos; structure-aware-codegen; software-evolution,Method; Baseline,"MODIT's multi-modal fusion of edit location, code context, and commit messages directly parallels TAC-Graph's Temporal (commit/diff) and Spatial (code structure) axes, offering a concrete baseline for cross-dimension projection. Its use of commit messages as a natural-language proxy for developer intent is also relevant to TAC-Graph's Agentic axis, where chain-of-thought traces encode similar intent signals.",1,2108.06645.pdf,https://arxiv.org/abs/2108.06645
2208.05446,CoditT5: Pretraining for Source Code and Natural Language Editing,Jiyang Zhang et al.,2022,ASE 2022,SE,code-change-representation; software-evolution; mining-software-repos; structure-aware-codegen,Method; Baseline,CoditT5's edit-aware pretraining directly informs TAC-Graph's Temporal axis by providing a principled way to encode diffs and code changes as structured edits rather than raw token sequences. Its application to bug fixing and code review aligns with TAC-Graph's Task Untangling and Trajectory Optimization downstream tasks.,1,2208.05446.pdf,https://arxiv.org/abs/2208.05446
1901.09102,On Learning Meaningful Code Changes via Neural Machine Translation,Michele Tufano et al.,2019,ICSE 2019,SE,code-change-representation; mining-software-repos; software-evolution; commit-untangling,Method; Benchmark,"This paper provides foundational techniques for learning code-change representations from commit histories, directly supporting TAC-Graph's Temporal (X) axis by modeling how code evolves across commits. The learned change patterns are also relevant to the Task Untangling downstream direction, as distinguishing bug-fix vs. refactoring edits aligns with splitting tangled commits.",1,1901.09102.pdf,https://arxiv.org/abs/1901.09102
2309.15474,CCBERT: Self-Supervised Code Change Representation Learning,Xin Zhou et al.,2023,ICSME 2023,SE,code-change-representation; mining-software-repos; software-evolution; graph-ssl,Method; Baseline,"CCBERT directly addresses the Temporal (X) axis of TAC-Graph by learning representations of code changes (diffs/edits) from git history, providing a potential encoder for commit-level embeddings in the tensor. Its self-supervised objectives over token-level edit operations could inform how TAC-Graph encodes fine-grained change semantics when fusing the temporal axis with the spatial (AST/code-structure) axis.",1,2309.15474.pdf,https://arxiv.org/abs/2309.15474
2106.02087,Unsupervised Learning of General-Purpose Embeddings for Code Changes,Mikhail Pravilov et al.,2021,arXiv preprint,SE,code-change-representation; software-evolution; mining-software-repos; commit-untangling,Method; Baseline,"This paper directly addresses the Temporal (X) axis of TAC-Graph by learning dense embeddings of code changes/diffs, which could serve as node or edge features when constructing the temporal layer of the tensor. The unsupervised pre-training paradigm for edit representations is also relevant to Task Untangling, one of TAC-Graph's downstream tasks.",1,2106.02087.pdf,https://arxiv.org/abs/2106.02087
2204.10006,M3triCity: Visualizing Evolving Software & Data Cities,Susanna Ardigò et al.,2022,ICSE 2022 (Demonstrations Track),HCI/Security,software-visualization; 3d-visualization; software-evolution; program-comprehension,Method,"Directly addresses TAC-Graph's X (Temporal) and Z (Spatial) axes by visualizing code structure evolution over git history in 3D, making the city-metaphor approach a concrete reference point for the representation's spatial and temporal dimensions. Its inclusion of data-access patterns (DB/file interactions) also parallels TAC-Graph's call/API-graph layer in the Z axis.",1,2204.10006.pdf,https://arxiv.org/abs/2204.10006
2003.00643,A Systematic Literature Review of Modern Software Visualization,Noptanit Chotisarn et al.,2020,The Visual Computer (DOI: 10.1007/s12650-020-00647-w),HCI/Security,software-visualization; 3d-visualization; program-comprehension; software-evolution,Baseline,"This SLR maps the design space of software structure, behavior, and evolution visualizations—directly informing how TAC-Graph's three axes (Spatial/AST, Agentic, Temporal/git) can be rendered and interacted with. It serves as a baseline survey for justifying novel visualization forms (e.g., 3D code city + evolution overlay) in the TAC-Graph proposal.",1,2003.00643.pdf,https://arxiv.org/abs/2003.00643
2408.08141,Visual Integration of Static and Dynamic Software Analysis in Code Reviews via Software City Visualization,Alexander Krause-Glau et al.,2024,VISSOFT 2024,HCI/Security,software-visualization; 3d-visualization; program-comprehension; software-evolution,Method,"This paper directly addresses the Z (Spatial) axis of TAC-Graph by visualizing static structure (AST/call graphs) and the X (Temporal) axis by integrating git history and software evolution into a 3D city metaphor, making it a concrete prior art for cross-dimension projection of structural and historical code information. The code-review-focused integration with issue tracking and git hosting also aligns with TAC-Graph's Task Untangling downstream direction.",1,2408.08141.pdf,https://arxiv.org/abs/2408.08141
2408.16777,Collaborative Design and Planning of Software Architecture Changes via Software City Visualization,Alexander Krause-Glau et al.,2024,VISSOFT 2024,HCI/Security,software-visualization; 3d-visualization; program-comprehension; software-evolution,Method,"This paper directly informs TAC-Graph's spatial (Z) axis by demonstrating how 3D software city metaphors can expose structural and architectural relationships in a codebase, complementing the explicit GraphQL-like DSL query form (Form A). The collaborative planning angle also suggests downstream utility for the Trajectory Optimization task, where shared visualization could help developers reason about structural changes over time.",1,2408.16777.pdf,https://arxiv.org/abs/2408.16777
2412.16061,On the Impact of 3D Visualization of Repository Metrics in Software Engineering Education,Dario Di Dario et al.,2024,SANER 2025 Registered Report Track,HCI/Security,software-visualization; 3d-visualization; mining-software-repos; program-comprehension,Method; Benchmark,"This paper's 3D visualization of repository metrics directly informs the spatial (Z) and temporal (X) axes of TAC-Graph by demonstrating how immersive, multi-dimensional views of code evolution data can aid comprehension. The controlled experiment framework offers a benchmark methodology for evaluating how well TAC-Graph's representations (e.g., history-aware AST, code city views) support developer understanding.",1,2412.16061.pdf,https://arxiv.org/abs/2412.16061
2504.18238,SecCityVR: Visualization and Collaborative Exploration of Software Vulnerabilities in Virtual Reality,Dennis Wüppelman et al.,2025,EASE 2025 (29th International Conference on Evaluation and Assessment in Software Engineering),HCI/Security,software-visualization; 3d-visualization; security-visualization; program-comprehension,Method,"SecCityVR's use of the code city metaphor with integrated call graphs is directly relevant to TAC-Graph's spatial (Z) axis, demonstrating how structural code relationships (API/call graphs) can be rendered in 3D immersive environments. Its vulnerability-centric spatial layout also informs how TAC-Graph could support security-focused downstream tasks by projecting code-structure data into navigable 3D representations.",1,2504.18238.pdf,https://arxiv.org/abs/2504.18238
2310.11301,Source Code Comprehension: A Contemporary Definition and Conceptual Model for Empirical Investigation,Marvin Wyrich,2023,arXiv preprint,HCI/Security,program-comprehension; software-visualization; code-graph,Theory; Task-definition,"This paper's formal model of how developers comprehend source code directly informs the Z (Spatial) axis of TAC-Graph by grounding what structural representations (AST, call graphs, DFG/CFG) actually support human understanding. It also motivates the Form A DSL design: knowing what cognitive goals drive comprehension helps specify what a Query(Target, History, Agent_Trace) interface should surface.",1,2310.11301.pdf,https://arxiv.org/abs/2310.11301
2304.09301,Developers' Visuo-spatial Mental Model and Program Comprehension,Abir Bouraffa et al.,2023,ICSE 2023,HCI/Security,program-comprehension; software-visualization; code-as-image; 3d-visualization,Benchmark; Theory,"This study provides empirical grounding for TAC-Graph's Z (spatial) axis by examining how developers build and use mental models of code structure, directly informing design choices for spatial code representations. The canvas-based visualization paradigm aligns with TAC-Graph's goal of making code topology navigable across temporal and structural dimensions.",1,2304.09301.pdf,https://arxiv.org/abs/2304.09301
2405.06271,Code Compass: A Study on the Challenges of Navigating Unfamiliar Codebases,Ekansh Agrawal et al.,2024,arXiv preprint,HCI/Security,program-comprehension; software-visualization; code-graph; mining-software-repos,Method; Benchmark,"This work characterizes how developers navigate and comprehend unfamiliar code, directly informing the Z (Spatial) axis of TAC-Graph—specifically how context-aware structural and documentation signals can be surfaced to agents or developers. The IDE visualization and context-aware suggestion approach aligns with TAC-Graph Form A (QueryDSL) by motivating what information a coding agent needs to extract from the code graph to reduce navigation friction.",1,2405.06271.pdf,https://arxiv.org/abs/2405.06271
2210.05506,Follow-up Attention: An Empirical Study of Developer and Neural Model Code Exploration,Matteo Paltenghi et al.,2022,IEEE Transactions on Software Engineering,HCI/Security,program-comprehension; code-as-image; software-visualization; agent-trajectory,Method; Benchmark,"This paper's eye-tracking data and follow-up attention metric characterize how developers navigate code spatially, directly informing the Agentic (Y) axis of TAC-Graph by grounding agent read/explore operations in empirically observed human code-traversal patterns. The alignment (and gaps) between developer gaze and model attention also bears on Form B's graph-VAE embeddings, suggesting which structural regions should be weighted in latent representations.",1,2210.05506.pdf,https://arxiv.org/abs/2210.05506
2402.14096,EyeTrans: Merging Human and Machine Attention for Neural Code Summarization,Yifan Zhang et al.,2024,arXiv preprint,HCI/Security,program-comprehension; code-as-image; structure-aware-codegen; software-visualization,Method,"Human gaze patterns from eye-tracking encode how developers spatially navigate and prioritize code, which directly informs the Z (spatial/structural) axis of TAC-Graph by revealing which AST nodes and code regions humans attend to. Fusing these human attention signals with machine attention could guide the cross-dimension projection step in TAC-Graph, enriching the history-aware AST with perceptual saliency weights.",1,2402.14096.pdf,https://arxiv.org/abs/2402.14096
2405.16081,A Study on Developer Behaviors for Validating and Repairing LLM-Generated Code Using Eye Tracking and IDE Actions,Ningzhi Tang et al.,2024,arXiv preprint,HCI/Security,program-comprehension; coding-agent; agent-trajectory; software-visualization,Benchmark; Method,"This paper characterizes the fine-grained read/edit/search behaviors developers exhibit when working with LLM-generated code, directly informing the Agentic (Y) axis of TAC-Graph by grounding agent trajectory modeling in empirically observed human-IDE interaction patterns. The eye-tracking and IDE action data offer a behavioral signal that could enrich agent-trajectory representations and help distinguish productive from unproductive code-navigation subgraphs for Trajectory Optimization.",1,2405.16081.pdf,https://arxiv.org/abs/2405.16081
2403.08480,Understanding and Evaluating Developer Behaviour in Programming Tasks,Martin Schröer et al.,2024,ACM proceedings (DOI: 10.1145/3643796.3648450),HCI/Security,program-comprehension; agent-trajectory; mining-software-repos; software-visualization,Benchmark; Method; Metric,"This paper's behavioral abstraction of developer IDE interactions—file visits, code navigation, edit timing—directly informs the Agentic (Y) axis of TAC-Graph, providing empirical grounding for what constitutes meaningful agent trajectory signals. Its evaluation framework for distinguishing successful from unsuccessful developer strategies also supports TAC-Graph's Trajectory Optimization task.",1,2403.08480.pdf,https://arxiv.org/abs/2403.08480
1903.03358,Developer Reading Behavior While Summarizing Java Methods: Size and Context Matters,Nahla J. Abid et al.,2019,ICSE 2019,HCI/Security,program-comprehension; software-visualization; mining-software-repos; code-graph,Benchmark; Method,"This paper characterizes how developers navigate code structure (call terms, control flow, method bodies) during comprehension, directly informing the Z/Spatial axis of TAC-Graph by revealing which structural nodes (call graphs, CFG) warrant higher salience in the representation. The reading-behavior data also provides empirical grounding for trajectory optimization on the Y/Agentic axis, helping distinguish signal from noise in agent read operations.",1,1903.03358.pdf,https://arxiv.org/abs/1903.03358
2604.00436,"Programming by Chat: A Large-Scale Behavioral Analysis of 11,579 Real-World AI-Assisted IDE Sessions",Ningzhi Tang et al.,2026,arXiv preprint,HCI/Security,program-comprehension; coding-agent; agent-trajectory; mining-software-repos,Benchmark; Task-definition,"This large-scale behavioral dataset of real agent-IDE sessions directly informs TAC-Graph's Y (Agentic) axis by providing empirical evidence of how developers delegate comprehension and iteratively refine outputs—patterns that the agent trajectory representation should capture. The observed cognitive delegation behaviors also motivate TAC-Graph's Form A DSL design, where agents query code history and structure rather than reading raw files.",1,2604.00436.pdf,https://arxiv.org/abs/2604.00436
2101.10578,Malware Detection Using Frequency Domain-Based Image Visualization and Deep Learning,Tajuddin Manhar Mohammed et al.,2021,Proceedings of the 54th Hawaii International Conference on System Sciences (HICSS 2021),HCI/Security,code-as-image; security-visualization; vulnerability-detection; software-visualization,Method; Benchmark,"This paper's code-as-image paradigm — mapping binary structure into visual frequency-domain representations — directly informs TAC-Graph's Spatial (Z) axis, where code structure can be encoded as image-like tensors for GNN or CNN-based analysis. The MaleX benchmark and DCT-based visualization technique are relevant to TAC-Graph's security downstream tasks, such as detecting malicious code patterns across the temporal and spatial axes of the tensor.",1,2101.10578.pdf,https://arxiv.org/abs/2101.10578
1909.03496,Devign: Effective Vulnerability Identification by Learning Comprehensive Program Semantics via Graph Neural Networks,Yaqin Zhou et al.,2019,NeurIPS 2019,HCI/Security,vulnerability-detection; gnn-for-code; code-graph; defect-prediction,Method; Benchmark; Baseline,"Devign's joint graph encoding of AST, CFG, and DFG directly instantiates the spatial (Z) axis of the TAC-Graph tensor, providing a proven GNN baseline for learning over code structure graphs. Its multi-relational program graph construction is a key prior for TAC-Graph's cross-dimension projection that injects history into a history-aware AST.",1,1909.03496.pdf,https://arxiv.org/abs/1909.03496
2505.12106,MalVis: A Large-Scale Image-Based Framework and Dataset for Advancing Android Malware Classification,Saleh J. Makkawy et al.,2025,arXiv preprint,HCI/Security,code-as-image; security-visualization; vulnerability-detection; software-visualization,Method; Benchmark,"MalVis exemplifies the code-as-image paradigm relevant to TAC-Graph's spatial (Z) axis, demonstrating how bytecode structure can be rendered as visual representations to expose semantic patterns — a technique analogous to encoding code graphs as spatial tensors. Its large-scale benchmark dataset also informs how code evolution and structural anomalies can be surfaced through visualization, supporting TAC-Graph's security-visualization downstream applications.",1,2505.12106.pdf,https://arxiv.org/abs/2505.12106
2408.16555,Android Malware Detection Based on RGB Images and Multi-feature Fusion,Zhiqiang Wang et al.,2024,arXiv preprint,HCI/Security,code-as-image; security-visualization; vulnerability-detection; software-visualization,Method,"This paper exemplifies the code-as-image paradigm relevant to TAC-Graph's spatial (Z) axis: it encodes structural program artifacts (bytecode, manifest, API calls) as visual representations and fuses them, analogous to how TAC-Graph projects cross-dimensional code structure into unified embeddings. It provides a concrete technique for representing multi-source code artifacts as tensors, directly informing Form B (Graph-VAE latent compression) and the security-visualization angle of TAC-Graph downstream tasks.",1,2408.16555.pdf,https://arxiv.org/abs/2408.16555
2402.18189,VulMCI: Code Splicing-based Pixel-row Oversampling for More Continuous Vulnerability Image Generation,Tao Peng et al.,2024,arXiv preprint,HCI/Security,code-as-image; security-visualization; vulnerability-detection; software-visualization,Method,"VulMCI's code-as-image paradigm is relevant to TAC-Graph's spatial (Z) axis, demonstrating an alternative visual encoding of code structure that complements AST/CFG/DFG representations. The oversampling approach to preserve semantic continuity across code lines parallels TAC-Graph's concern with retaining cross-context relationships in code-change representations for defect detection.",1,2402.18189.pdf,https://arxiv.org/abs/2402.18189
2002.02650,What You See is What it Means! Semantic Representation Learning of Code based on Visualization and Transfer Learning,Patrick Keller et al.,2020,arXiv preprint,HCI/Security,code-as-image; software-visualization; program-comprehension; structure-aware-codegen,Method,"This paper's code-as-image representation is relevant to TAC-Graph's spatial (Z) axis, offering an alternative to AST/graph encodings by embedding code structure into visual feature spaces via transfer learning. It provides a baseline for the implicit Form B (Graph-VAE / latent embeddings) direction, showing that non-symbolic dense representations of code can capture semantic similarity.",1,2002.02650.pdf,https://arxiv.org/abs/2002.02650
1909.09735,COPYCAT: Practical Adversarial Attacks on Visualization-Based Malware Detection,Aminollah Khormali et al.,2019,arXiv preprint,HCI/Security,code-as-image; security-visualization; vulnerability-detection; software-visualization,Method,"This paper operates on the code-as-image paradigm (spatial/Z-axis of TAC-Graph), treating binary visualizations as a structural representation of code, which directly relates to TAC-Graph's spatial axis and security-visualization use cases. It motivates robustness considerations for any image- or graph-based code representation used in vulnerability detection pipelines.",1,1909.09735.pdf,https://arxiv.org/abs/1909.09735
1904.00859,A Novel Malware Detection System Based On Machine Learning and Binary Visualization,Irina Baptista et al.,2019,arXiv preprint,HCI/Security,security-visualization; code-as-image; vulnerability-detection; code-graph,Method,"This paper's binary-to-image visualization approach relates to TAC-Graph's spatial (Z) axis by treating code/binary structure as a 2D visual representation, paralleling how the tensor's spatial slice encodes semantic code state. The code-as-image paradigm offers an alternative to graph-based encoding for the Z-axis, potentially informing Form B's Graph-VAE latent compression of structural features.",1,1904.00859.pdf,https://arxiv.org/abs/1904.00859
2002.07962,Inductive Representation Learning on Temporal Graphs,Da Xu et al.,2020,arXiv preprint,Methods/Theory,temporal-gnn; dynamic-graph; graph-transformer; software-evolution,Method,"TGAT's inductive temporal graph attention directly underpins the Temporal axis of TAC-Graph, providing a principled mechanism for learning node/edge representations that evolve across commits and agent operations at mismatched time granularities. Its functional time encoding is directly applicable to TAC-Graph's Temporal GNN component for modeling cross-axis temporal dependencies.",1,2002.07962.pdf,https://arxiv.org/abs/2002.07962
2006.10637,Temporal Graph Networks for Deep Learning on Dynamic Graphs,Emanuele Rossi et al.,2020,arXiv preprint,Methods/Theory,temporal-gnn; dynamic-graph; graph-transformer; software-evolution,Method; Baseline,"TGN's memory-augmented temporal graph formulation directly maps onto TAC-Graph's Temporal axis, providing the backbone architecture for modeling code evolution across commits and agent operations at mismatched time granularities. Its inductive node/edge prediction capabilities are applicable to downstream tasks such as commit untangling and trajectory optimization over 3D code subgraphs.",1,2006.10637.pdf,https://arxiv.org/abs/2006.10637
1803.04051,Representation Learning over Dynamic Graphs,Rakshit Trivedi et al.,2019,ICLR 2019,Methods/Theory,temporal-gnn; dynamic-graph; graph-ssl; software-evolution,Method,DyRep's multi-timescale dynamic graph embedding directly addresses TAC-Graph's core challenge of fusing agent-level (seconds) and commit-level (days) temporal granularities on the X/Y axes. Its point-process formulation for evolving node representations is a natural backbone for the Temporal GNN component proposed in TAC-Graph's cross-dimension projection.,1,1803.04051.pdf,https://arxiv.org/abs/1803.04051
1908.01207,Predicting Dynamic Embedding Trajectory in Temporal Interaction Networks,Srijan Kumar et al.,2019,ACM SIGKDD 2019,Methods/Theory,temporal-gnn; dynamic-graph; software-evolution; graph-transformer,Method; Baseline,"JODIE's coupled RNN architecture for learning dynamic embedding trajectories directly addresses TAC-Graph's temporal axis (X), providing a principled method for modeling how entities evolve over time in interaction networks. The trajectory projection operator is analogous to predicting future code states from git history and agent traces, relevant to TAC-Graph's Temporal GNN component and trajectory optimization downstream task.",1,1908.01207.pdf,https://arxiv.org/abs/1908.01207
1902.10191,EvolveGCN: Evolving Graph Convolutional Networks for Dynamic Graphs,Aldo Pareja et al.,2020,AAAI 2020,Methods/Theory,temporal-gnn; dynamic-graph; software-evolution; code-graph,Method; Baseline,"EvolveGCN directly addresses the temporal axis (X) of TAC-Graph by providing a principled mechanism for evolving GNN parameters over time, which is essential for modeling code graph changes across commits and agent trajectories. It serves as a key baseline/building block for the Temporal GNN component proposed in TAC-Graph to handle mismatched time granularities between agent operations (seconds) and commits (days).",1,1902.10191.pdf,https://arxiv.org/abs/1902.10191
2302.11636,Do We Really Need Complicated Model Architectures For Temporal Networks?,Weilin Cong et al.,2023,arXiv preprint,Methods/Theory,temporal-gnn; dynamic-graph; graph-transformer; graph-ssl,Method; Baseline,"GraphMixer and its successor DyGFormer directly address the Temporal (X) axis of TAC-Graph by providing efficient architectures for learning over dynamic, time-stamped graph edges — a core challenge when fusing git commit histories and agent operation sequences into Temporal GNNs. The simplicity findings also inform design choices for Form B's Graph-VAE compression of the full tensor.",1,2302.11636.pdf,https://arxiv.org/abs/2302.11636
2208.07239,ROLAND: Graph Learning Framework for Dynamic Graphs,Jiaxuan You et al.,2022,KDD 2022,Methods/Theory,temporal-gnn; dynamic-graph; graph-transformer; graph-ssl,Method; Baseline,"ROLAND's recurrent hierarchical node-state update mechanism directly addresses TAC-Graph's temporal axis (X), providing a principled way to model code graph evolution across commits and agent operations at mismatched time granularities. Its live-update evaluation paradigm also maps naturally to the streaming nature of agent trajectory events on the agentic axis (Y).",1,2208.07239.pdf,https://arxiv.org/abs/2208.07239
1905.11485,Representation Learning for Dynamic Graphs: A Survey,Seyed Mehran Kazemi et al.,2020,Journal of Machine Learning Research,Methods/Theory,temporal-gnn; dynamic-graph; graph-transformer; code-graph,Theory; Baseline,"This survey provides a foundational taxonomy of temporal/dynamic graph representation learning methods directly applicable to TAC-Graph's temporal (X) axis, informing the Temporal GNN and Graph Transformer designs needed to handle mismatched time granularities between agent ops (seconds) and commits (days). The encoder-decoder perspective it offers also maps naturally onto TAC-Graph's Form B (Graph-VAE latent embeddings) for compressing the full 3D tensor.",1,1905.11485.pdf,https://arxiv.org/abs/1905.11485
2303.13047,Towards Better Dynamic Graph Learning: New Architecture and Unified Library,Le Yu et al.,2023,NeurIPS 2023,Methods/Theory,temporal-gnn; dynamic-graph; graph-transformer; graph-ssl,Method; Benchmark; Baseline,"DyGFormer directly addresses the Temporal (X) axis of TAC-Graph by providing a principled Transformer architecture for learning over evolving graph structures with mismatched time granularities, which mirrors the commit-to-agent-op scale mismatch. DyGLib's unified benchmark infrastructure also offers a reusable evaluation scaffold for validating TAC-Graph's Temporal GNN and Graph Transformer components.",1,2303.13047.pdf,https://arxiv.org/abs/2303.13047
2311.12255,Exploring Time Granularity on Temporal Graphs for Dynamic Link Prediction in Real-world Networks,Xiangjian Jiang et al.,2023,Temporal Graph Learning Workshop @ NeurIPS 2023,Methods/Theory,temporal-gnn; dynamic-graph; software-evolution; graph-transformer,Method; Benchmark,"TAC-Graph's temporal (X) axis must reconcile mismatched time granularities between agent ops (seconds) and commits (days); this paper directly addresses how granularity choices affect DGNN performance on evolving graphs, informing the Temporal GNN component of TAC-Graph. Its benchmarking of memory mechanisms across granularities also provides baselines relevant to modeling codebase evolution over time.",1,2311.12255.pdf,https://arxiv.org/abs/2311.12255
2304.05729,Dynamic Graph Representation Learning with Neural Networks: A Survey,Leshanshui Yang et al.,2023,arXiv preprint,Methods/Theory,temporal-gnn; dynamic-graph; graph-transformer; software-evolution,Method; Theory,"This survey directly underpins the Temporal (X) axis of TAC-Graph, providing a taxonomy of Dynamic GNN architectures for modeling graph evolution over time — essential for the proposed Temporal GNN / Graph Transformer component that must reconcile agent-level (seconds) and commit-level (days) granularity. The design guidelines for handling temporal information inform how TAC-Graph fuses the mismatched time granularities across its three axes.",1,2304.05729.pdf,https://arxiv.org/abs/2304.05729
1611.07308,Variational Graph Auto-Encoders,Thomas N. Kipf et al.,2016,Bayesian Deep Learning Workshop (NIPS 2016),Methods/Theory,graph-vae; graph-ssl; code-graph; gnn-for-code,Method; Baseline,"This paper is the foundational method for TAC-Graph's Form B (implicit Graph-VAE), providing the core architecture for compressing the full 3D tensor into a latent embedding usable as soft-prompts or prefix tuning. It also establishes the baseline for link-prediction in graphs, directly applicable to predicting structural and temporal edges across the TAC-Graph's spatial (AST/CFG/DFG) and temporal axes.",1,1611.07308.pdf,https://arxiv.org/abs/1611.07308
1802.03480,GraphVAE: Towards Generation of Small Graphs Using Variational Autoencoders,Martin Simonovsky et al.,2018,arXiv preprint,Methods/Theory,graph-vae; graph-ssl; code-graph; context-compression,Method; Baseline,"GraphVAE directly instantiates TAC-Graph Form B: a Graph-VAE that compresses the full 3D tensor into a latent embedding for soft-prompt/prefix-tuning use, making this the canonical architectural baseline for that delivery form. Its one-shot probabilistic graph decoder and graph-matching training objective are directly applicable to encoding heterogeneous code graphs with temporal and agentic annotations.",1,1802.03480.pdf,https://arxiv.org/abs/1802.03480
1806.08804,Hierarchical Graph Representation Learning with Differentiable Pooling,Rex Ying et al.,2018,NeurIPS 2018,Methods/Theory,graph-vae; gnn-for-code; code-graph; graph-ssl,Method; Baseline,"DiffPool's differentiable hierarchical pooling directly informs TAC-Graph's Form B (Graph-VAE), providing a mechanism to compress hierarchical code-structure graphs (AST, CFG, call graphs) into latent embeddings across the spatial axis. It also serves as a baseline pooling strategy for Temporal GNNs operating over the 3D tensor's graph-structured layers.",1,1806.08804.pdf,https://arxiv.org/abs/1806.08804
2012.09699,A Generalization of Transformer Networks to Graphs,Vijay Prakash Dwivedi et al.,2020,AAAI 2021 Workshop on Deep Learning on Graphs: Methods and Applications (DLG-AAAI'21),Methods/Theory,graph-transformer; gnn-for-code; code-graph; graph-ssl,Method; Baseline,"The Graph Transformer architecture proposed here is directly applicable to TAC-Graph's Z (spatial) and X (temporal) axes, where AST/CFG/DFG graphs and temporal commit graphs need attention over structured topology rather than sequences. It also underpins the Temporal GNN component proposed for handling mismatched time-granularity across agent and commit history.",1,2012.09699.pdf,https://arxiv.org/abs/2012.09699
2007.02835,Self-Supervised Graph Transformer on Large-Scale Molecular Data,Yu Rong et al.,2020,NeurIPS 2020,Methods/Theory,graph-transformer; graph-ssl; graph-vae; graph-representation-learning,Method,"GROVER's graph transformer architecture with self-supervised pretraining is directly relevant to TAC-Graph's Z/Spatial axis and Form B: the graph-VAE latent embedding approach can draw on GROVER's design for compressing structured graph representations (AST, CFG, DFG) into dense embeddings for soft-prompt injection. Its multi-level SSL objectives also inform how to pretrain over code graphs without labeled supervision.",1,2007.02835.pdf,https://arxiv.org/abs/2007.02835
2106.05234,Do Transformers Really Perform Bad for Graph Representation?,Chengxuan Ying et al.,2021,NeurIPS 2021,Methods/Theory,graph-transformer; gnn-for-code; code-graph; graph-ssl,Method; Theory; Baseline,"Graphormer's structural encodings for graph transformers directly inform TAC-Graph's Temporal GNN / Graph Transformer component for reasoning over the spatial axis (AST, CFG, call graphs) and cross-dimension projections. Its unification of GNNs as special cases of attention provides theoretical grounding for the graph-VAE (Form B) latent embedding approach.",1,2106.05234.pdf,https://arxiv.org/abs/2106.05234
2205.10803,GraphMAE: Self-Supervised Masked Graph Autoencoders,Zhenyu Hou et al.,2022,KDD 2022,Methods/Theory,graph-ssl; graph-vae; gnn-for-code; code-graph,Method; Baseline,"GraphMAE's masked autoencoder framework for graph self-supervised learning is directly relevant to TAC-Graph's Form B (Graph-VAE), providing a concrete backbone architecture for compressing the 3D code-evolution tensor into latent embeddings for soft-prompt injection. Its feature-reconstruction objective and masking strategy could also inform pre-training of the Spatial-axis code-structure graphs in the TAC-Graph representation.",1,2205.10803.pdf,https://arxiv.org/abs/2205.10803
2205.12454,"Recipe for a General, Powerful, Scalable Graph Transformer (GraphGPS)",Ladislav Rampášek et al.,2022,NeurIPS 2022,Methods/Theory,graph-transformer; graph-ssl; code-graph; temporal-gnn,Method; Baseline,"GraphGPS's modular graph Transformer architecture—combining local message-passing with global attention—is directly applicable to TAC-Graph's Z (spatial) axis for learning over AST/CFG/DFG structures, and to temporal GNN layers on the X (temporal) axis for aggregating commit-level evolution. Its scalability and positional encoding taxonomy also inform Form B's Graph-VAE design for compressing the full 3D tensor into latent embeddings.",1,2205.12454.pdf,https://arxiv.org/abs/2205.12454
2304.04779,GraphMAE2: A Decoding-Enhanced Masked Self-Supervised Graph Learner,Zhenyu Hou et al.,2023,WWW 2023,Methods/Theory,graph-ssl; graph-vae; graph-transformer,Method,"GraphMAE2's masked autoencoder and latent representation prediction techniques are directly relevant to TAC-Graph's Form B (Graph-VAE), which compresses the 3D code tensor into latent embeddings for soft-prompt or prefix-tuning use. Its decoding regularization strategies could inform how the spatial (AST/CFG) and temporal axes of the TAC-Graph tensor are reconstructed from compressed representations.",1,2304.04779.pdf,https://arxiv.org/abs/2304.04779
2103.00111,Graph Self-Supervised Learning: A Survey,Yixin Liu et al.,2022,IEEE Transactions on Knowledge and Data Engineering,Methods/Theory,graph-ssl; graph-vae; graph-transformer; code-graph,Method; Theory; Baseline,"This survey's coverage of generation-based and contrastive graph SSL methods directly informs the Graph-VAE (Form B) component of TAC-Graph, which compresses the 3D tensor into latent embeddings for soft-prompt/prefix-tuning use. The unified framework for pretext tasks on graph structures also provides theoretical grounding for self-supervised pre-training over the temporal and spatial axes of the TAC-Graph representation.",1,2103.00111.pdf,https://arxiv.org/abs/2103.00111
2101.00190,Prefix-Tuning: Optimizing Continuous Prompts for Generation,Xiang Lisa Li et al.,2021,ACL 2021,Methods/Theory,soft-prompt; prefix-tuning; context-compression; knowledge-grounded-codegen,Method; Baseline,"Prefix-tuning is the direct technical foundation for TAC-Graph Form B, where the compressed tensor embedding is injected into a frozen LLM as a soft-prompt prefix rather than occupying explicit context-window tokens. It provides the baseline mechanism for evaluating how efficiently agent-trajectory and temporal history can be encoded as continuous prefix vectors for downstream code generation or retrieval tasks.",1,2101.00190.pdf,https://arxiv.org/abs/2101.00190
2104.08691,The Power of Scale for Parameter-Efficient Prompt Tuning,Brian Lester et al.,2021,EMNLP 2021,Methods/Theory,soft-prompt; prefix-tuning; context-compression; knowledge-grounded-codegen,Method; Baseline,"This paper is the foundational reference for TAC-Graph's Form B, which proposes compressing the 3D code evolution tensor into a latent embedding delivered as soft-prompts or prefix tuning to bypass the context window. The prompt tuning mechanism it introduces is directly the injection mechanism Form B relies on to load compressed graph representations into frozen LLMs without modifying model weights.",1,2104.08691.pdf,https://arxiv.org/abs/2104.08691
2110.07602,P-Tuning v2: Prompt Tuning Can Be Comparable to Fine-tuning Universally Across Scales and Tasks,Xiao Liu et al.,2022,Proceedings of the 60th Annual Meeting of the Association for Computational Linguistics (ACL 2022),Methods/Theory,soft-prompt; prefix-tuning; context-compression; knowledge-grounded-codegen,Method; Baseline,"P-Tuning v2's deep prefix tuning across all transformer layers is a direct technical foundation for TAC-Graph Form B, where the 3D tensor's latent embedding is injected as soft-prompts or prefix tokens to compress temporal and agentic context without consuming the context window. It also serves as a baseline for evaluating how effectively graph-VAE-derived embeddings can condition a coding agent compared to standard parameter-efficient tuning.",1,2110.07602.pdf,https://arxiv.org/abs/2110.07602
2304.08467,Learning to Compress Prompts with Gist Tokens,Jesse Mu et al.,2023,NeurIPS 2023,Methods/Theory,soft-prompt; context-compression; prefix-tuning,Method,"Directly supports TAC-Graph Form B, where the full 3D tensor (temporal + agentic + spatial axes) must be injected into an LLM without exhausting the context window — gist-token compression offers a mechanism to distill large graph-structured histories into compact soft-prompt embeddings. The caching property of gist tokens also aligns with the need to reuse compressed representations of static code structure (Z-axis AST/CFG) across multiple agent queries.",1,2304.08467.pdf,https://arxiv.org/abs/2304.08467
2305.14788,Adapting Language Models to Compress Contexts,Alexis Chevalier et al.,2023,EMNLP 2023,Methods/Theory,soft-prompt; context-compression; prefix-tuning; knowledge-grounded-codegen,Method,"AutoCompressors directly instantiate TAC-Graph Form B: the summary vectors produced by compressing git history, agent trajectories, and code-structure context could be loaded as soft-prompt prefixes, bypassing context-window limits when injecting the full 3D tensor into a coding LLM. The segment-wise compression scheme also aligns naturally with the heterogeneous time granularities of the Temporal and Agentic axes.",1,2305.14788.pdf,https://arxiv.org/abs/2305.14788
2307.06945,In-context Autoencoder for Context Compression in a Large Language Model,Tao Ge et al.,2023,ICLR 2024,Methods/Theory,context-compression; soft-prompt; prefix-tuning; graph-vae,Method,"Directly relevant to TAC-Graph Form B: the ICAE memory-slot compression mechanism offers a concrete blueprint for encoding the full 3D tensor (temporal + agentic + spatial axes) into soft-prompt embeddings that can be injected into a coding agent's context window as prefix tokens, bypassing context-length limits. Its autoencoding pretraining paradigm also informs how Graph-VAE latent embeddings of code history could be aligned with an LLM's token space for implicit retrieval.",1,2307.06945.pdf,https://arxiv.org/abs/2307.06945
2310.05736,LLMLingua: Compressing Prompts for Accelerated Inference of Large Language Models,Huiqiang Jiang et al.,2023,EMNLP 2023,Methods/Theory,context-compression; soft-prompt; prefix-tuning; knowledge-grounded-codegen,Method,"Directly relevant to TAC-Graph Form B, where the full temporal-agentic-contextual tensor must be compressed into a compact representation (latent embeddings or soft-prompts) that can be injected into an LLM without exhausting the context window. LLMLingua's budget-controlled token compression offers a concrete prior-art baseline for how 3D subgraph summaries could be distilled before prefix-tuning injection.",1,2310.05736.pdf,https://arxiv.org/abs/2310.05736
2405.13792,xRAG: Extreme Context Compression for Retrieval-augmented Generation with One Token,Xin Cheng et al.,2024,NeurIPS 2024,Methods/Theory,context-compression; soft-prompt; retrieval-augmented; prefix-tuning,Method,"xRAG's single-token document compression via modality bridging is directly analogous to TAC-Graph Form B, where the 3D tensor (temporal + agentic + spatial axes) is compressed into soft-prompt embeddings injected as prefix tuning rather than occupying the context window. The multimodal fusion paradigm also informs how heterogeneous graph embeddings from different TAC-Graph axes could be projected into a shared LLM representation space.",1,2405.13792.pdf,https://arxiv.org/abs/2405.13792
2210.04726,Knowledge Prompts: Injecting World Knowledge into Language Models through Soft Prompts,Cicero Nogueira dos Santos et al.,2022,arXiv preprint,Methods/Theory,soft-prompt; prefix-tuning; context-compression; knowledge-grounded-codegen,Method,"Directly relevant to TAC-Graph Form B, which proposes compressing the 3D code evolution tensor into soft-prompts/prefix tuning to bypass context-window limits. This paper provides foundational evidence that structured knowledge (analogous to git history and agent trajectories) can be distilled into learned soft prompts and injected into frozen LMs for downstream task improvement.",1,2210.04726.pdf,https://arxiv.org/abs/2210.04726
2404.04997,Adapting LLMs for Efficient Context Processing through Soft Prompt Compression,Cangqing Wang et al.,2024,IPCA 2024,Methods/Theory,soft-prompt; context-compression; prefix-tuning; knowledge-grounded-codegen,Method,"Directly supports TAC-Graph Form B, which compresses the 3D tensor into latent embeddings loaded as soft prompts or prefix tuning to bypass context window limits. The SoftPromptComp framework's combination of summarization and soft prompt compression offers a concrete mechanism for injecting history-aware code graph context into LLMs without exhausting their context window.",1,2404.04997.pdf,https://arxiv.org/abs/2404.04997
